INSERT INTO
  ENSINO_SUPERIOR.DEPARTAMENTOS (COD_DPTO, NOME_DPTO)
VALUES
  (123, 'Departamento de Engenharia');

INSERT INTO
  ENSINO_SUPERIOR.DEPARTAMENTOS (COD_DPTO, NOME_DPTO)
VALUES
  (784, 'Departamento de Computação');

INSERT INTO
  ENSINO_SUPERIOR.DEPARTAMENTOS (COD_DPTO, NOME_DPTO)
VALUES
  (154, 'Departamento de Saúde');

INSERT INTO
  ENSINO_SUPERIOR.CURSOS (COD_CURSO, NOM_CURSO, COD_DPTO)
VALUES
  (122, 'Engenharia Civil', 123);

INSERT INTO
  ENSINO_SUPERIOR.CURSOS (COD_CURSO, NOM_CURSO, COD_DPTO)
VALUES
  (546, 'Engenharia Mecânica', 784);

INSERT INTO
  ENSINO_SUPERIOR.CURSOS (COD_CURSO, NOM_CURSO, COD_DPTO)
VALUES
  (969, 'Enfermagem', 154);

INSERT INTO
  ENSINO_SUPERIOR.MATRIZES_CURSOS (COD_CURSO, COD_DISC, PERIODO)
VALUES
  (122, 20, 5);

INSERT INTO
  ENSINO_SUPERIOR.MATRIZES_CURSOS (COD_CURSO, COD_DISC, PERIODO)
VALUES
  (122, 21, 6);

INSERT INTO
  ENSINO_SUPERIOR.MATRIZES_CURSOS (COD_CURSO, COD_DISC, PERIODO)
VALUES
  (546, 30, 2);

INSERT INTO
  ENSINO_SUPERIOR.MATRIZES_CURSOS (COD_CURSO, COD_DISC, PERIODO)
VALUES
  (546, 31, 3);

INSERT INTO
  ENSINO_SUPERIOR.MATRIZES_CURSOS (COD_CURSO, COD_DISC, PERIODO)
VALUES
  (969, 40, 6);

INSERT INTO
  ENSINO_SUPERIOR.MATRIZES_CURSOS (COD_CURSO, COD_DISC, PERIODO)
VALUES
  (969, 41, 9);

INSERT INTO
  ENSINO_SUPERIOR.DISCIPLINAS (COD_DISC, NOME_DISC, CARGA_HORARIA)
VALUES
  (20, 'Materiais Hidráulicos', 70);

INSERT INTO
  ENSINO_SUPERIOR.DISCIPLINAS (COD_DISC, NOME_DISC, CARGA_HORARIA)
VALUES
  (21, 'Instalações Elétricas', 70);

INSERT INTO
  ENSINO_SUPERIOR.DISCIPLINAS (COD_DISC, NOME_DISC, CARGA_HORARIA)
VALUES
  (30, 'Desenho técnico', 70);

INSERT INTO
  ENSINO_SUPERIOR.DISCIPLINAS (COD_DISC, NOME_DISC, CARGA_HORARIA)
VALUES
  (31, 'Cálculo 62', 70);

INSERT INTO
  ENSINO_SUPERIOR.DISCIPLINAS (COD_DISC, NOME_DISC, CARGA_HORARIA)
VALUES
  (40, 'Anatomofisiologia', 70);

INSERT INTO
  ENSINO_SUPERIOR.DISCIPLINAS (COD_DISC, NOME_DISC, CARGA_HORARIA)
VALUES
  (41, 'Estágio Básico I', 70);

INSERT INTO
  ENSINO_SUPERIOR.MATRICULAS (
    SEMESTRE,
    MAT_ALU,
    COD_DISC,
    NOTA,
    FALTAS,
    STATUS
  )
VALUES
  (20201, 1, 20, 5, 20, 'A');

INSERT INTO
  ENSINO_SUPERIOR.MATRICULAS (
    SEMESTRE,
    MAT_ALU,
    COD_DISC,
    NOTA,
    FALTAS,
    STATUS
  )
VALUES
  (20201, 2, 20, 7, 0, 'A');

INSERT INTO
  ENSINO_SUPERIOR.MATRICULAS (
    SEMESTRE,
    MAT_ALU,
    COD_DISC,
    NOTA,
    FALTAS,
    STATUS
  )
VALUES
  (20211, 3, 21, 7, 20, 'A');

INSERT INTO
  ENSINO_SUPERIOR.MATRICULAS (
    SEMESTRE,
    MAT_ALU,
    COD_DISC,
    NOTA,
    FALTAS,
    STATUS
  )
VALUES
  (20191, 4, 20, 1, 0, 'A');

INSERT INTO
  ENSINO_SUPERIOR.MATRICULAS (
    SEMESTRE,
    MAT_ALU,
    COD_DISC,
    NOTA,
    FALTAS,
    STATUS
  )
VALUES
  (20191, 5, 21, 2, 0, 'A');

INSERT INTO
  ENSINO_SUPERIOR.MATRICULAS (
    SEMESTRE,
    MAT_ALU,
    COD_DISC,
    NOTA,
    FALTAS,
    STATUS
  )
VALUES
  (20192, 6, 21, 2, 0, 'A');

INSERT INTO
  ENSINO_SUPERIOR.MATRICULAS (
    SEMESTRE,
    MAT_ALU,
    COD_DISC,
    NOTA,
    FALTAS,
    STATUS
  )
VALUES
  (20201, 7, 31, 10, 18, 'A');

INSERT INTO
  ENSINO_SUPERIOR.MATRICULAS (
    SEMESTRE,
    MAT_ALU,
    COD_DISC,
    NOTA,
    FALTAS,
    STATUS
  )
VALUES
  (20211, 8, 31, 6, 0, 'A');

INSERT INTO
  ENSINO_SUPERIOR.MATRICULAS (
    SEMESTRE,
    MAT_ALU,
    COD_DISC,
    NOTA,
    FALTAS,
    STATUS
  )
VALUES
  (20202, 9, 31, 6, 0, 'A');

INSERT INTO
  ENSINO_SUPERIOR.MATRICULAS (
    SEMESTRE,
    MAT_ALU,
    COD_DISC,
    NOTA,
    FALTAS,
    STATUS
  )
VALUES
  (20201, 10, 30, 4, 0, 'A');

INSERT INTO
  ENSINO_SUPERIOR.MATRICULAS (
    SEMESTRE,
    MAT_ALU,
    COD_DISC,
    NOTA,
    FALTAS,
    STATUS
  )
VALUES
  (20201, 11, 30, 5, 20, 'A');

INSERT INTO
  ENSINO_SUPERIOR.MATRICULAS (
    SEMESTRE,
    MAT_ALU,
    COD_DISC,
    NOTA,
    FALTAS,
    STATUS
  )
VALUES
  (20201, 12, 30, 7, 0, 'A');

INSERT INTO
  ENSINO_SUPERIOR.MATRICULAS (
    SEMESTRE,
    MAT_ALU,
    COD_DISC,
    NOTA,
    FALTAS,
    STATUS
  )
VALUES
  (20211, 13, 40, 7, 20, 'A');

INSERT INTO
  ENSINO_SUPERIOR.MATRICULAS (
    SEMESTRE,
    MAT_ALU,
    COD_DISC,
    NOTA,
    FALTAS,
    STATUS
  )
VALUES
  (20191, 14, 40, 1, 0, 'A');

INSERT INTO
  ENSINO_SUPERIOR.MATRICULAS (
    SEMESTRE,
    MAT_ALU,
    COD_DISC,
    NOTA,
    FALTAS,
    STATUS
  )
VALUES
  (20191, 15, 41, 2, 0, 'A');

INSERT INTO
  ENSINO_SUPERIOR.MATRICULAS (
    SEMESTRE,
    MAT_ALU,
    COD_DISC,
    NOTA,
    FALTAS,
    STATUS
  )
VALUES
  (20192, 16, 41, 2, 0, 'A');

INSERT INTO
  ENSINO_SUPERIOR.MATRICULAS (
    SEMESTRE,
    MAT_ALU,
    COD_DISC,
    NOTA,
    FALTAS,
    STATUS
  )
VALUES
  (20201, 17, 40, 10, 18, 'A');

INSERT INTO
  ENSINO_SUPERIOR.MATRICULAS (
    SEMESTRE,
    MAT_ALU,
    COD_DISC,
    NOTA,
    FALTAS,
    STATUS
  )
VALUES
  (20211, 18, 40, 8, 0, 'A');

INSERT INTO
  ENSINO_SUPERIOR.MATRICULAS (
    SEMESTRE,
    MAT_ALU,
    COD_DISC,
    NOTA,
    FALTAS,
    STATUS
  )
VALUES
  (20202, 19, 21, 6, 0, 'A');

INSERT INTO
  ENSINO_SUPERIOR.MATRICULAS (
    SEMESTRE,
    MAT_ALU,
    COD_DISC,
    NOTA,
    FALTAS,
    STATUS
  )
VALUES
  (20201, 20, 21, 4, 0, 'A');

INSERT INTO
  ENSINO_SUPERIOR.MATRICULAS (
    SEMESTRE,
    MAT_ALU,
    COD_DISC,
    NOTA,
    FALTAS,
    STATUS
  )
VALUES
  (20202, 21, 21, 6, 0, 'A');

INSERT INTO
  ENSINO_SUPERIOR.MATRICULAS (
    SEMESTRE,
    MAT_ALU,
    COD_DISC,
    NOTA,
    FALTAS,
    STATUS
  )
VALUES
  (20201, 22, 21, 4, 0, 'A');

INSERT INTO
  ENSINO_SUPERIOR.MATRICULAS (
    SEMESTRE,
    MAT_ALU,
    COD_DISC,
    NOTA,
    FALTAS,
    STATUS
  )
VALUES
  (20202, 23, 20, 6, 0, 'A');

INSERT INTO
  ENSINO_SUPERIOR.MATRICULAS (
    SEMESTRE,
    MAT_ALU,
    COD_DISC,
    NOTA,
    FALTAS,
    STATUS
  )
VALUES
  (20201, 24, 21, 4, 0, 'A');

INSERT INTO
  ENSINO_SUPERIOR.MATRICULAS (
    SEMESTRE,
    MAT_ALU,
    COD_DISC,
    NOTA,
    FALTAS,
    STATUS
  )
VALUES
  (20201, 25, 31, 10, 18, 'A');

INSERT INTO
  ENSINO_SUPERIOR.MATRICULAS (
    SEMESTRE,
    MAT_ALU,
    COD_DISC,
    NOTA,
    FALTAS,
    STATUS
  )
VALUES
  (20211, 26, 31, 6, 0, 'A');

INSERT INTO
  ENSINO_SUPERIOR.MATRICULAS (
    SEMESTRE,
    MAT_ALU,
    COD_DISC,
    NOTA,
    FALTAS,
    STATUS
  )
VALUES
  (20202, 27, 31, 6, 0, 'A');

INSERT INTO
  ENSINO_SUPERIOR.MATRICULAS (
    SEMESTRE,
    MAT_ALU,
    COD_DISC,
    NOTA,
    FALTAS,
    STATUS
  )
VALUES
  (20201, 28, 30, 4, 0, 'A');

INSERT INTO
  ENSINO_SUPERIOR.MATRICULAS (
    SEMESTRE,
    MAT_ALU,
    COD_DISC,
    NOTA,
    FALTAS,
    STATUS
  )
VALUES
  (20201, 29, 30, 5, 20, 'A');

INSERT INTO
  ENSINO_SUPERIOR.MATRICULAS (
    SEMESTRE,
    MAT_ALU,
    COD_DISC,
    NOTA,
    FALTAS,
    STATUS
  )
VALUES
  (20201, 30, 30, 7, 0, 'A');

INSERT INTO
  ENSINO_SUPERIOR.MATRICULAS (
    SEMESTRE,
    MAT_ALU,
    COD_DISC,
    NOTA,
    FALTAS,
    STATUS
  )
VALUES
  (20211, 31, 40, 7, 20, 'A');

INSERT INTO
  ENSINO_SUPERIOR.MATRICULAS (
    SEMESTRE,
    MAT_ALU,
    COD_DISC,
    NOTA,
    FALTAS,
    STATUS
  )
VALUES
  (20191, 32, 40, 1, 0, 'A');

INSERT INTO
  ENSINO_SUPERIOR.MATRICULAS (
    SEMESTRE,
    MAT_ALU,
    COD_DISC,
    NOTA,
    FALTAS,
    STATUS
  )
VALUES
  (20191, 33, 40, 2, 0, 'A');

INSERT INTO
  ENSINO_SUPERIOR.MATRICULAS (
    SEMESTRE,
    MAT_ALU,
    COD_DISC,
    NOTA,
    FALTAS,
    STATUS
  )
VALUES
  (20192, 34, 40, 2, 0, 'A');

INSERT INTO
  ENSINO_SUPERIOR.MATRICULAS (
    SEMESTRE,
    MAT_ALU,
    COD_DISC,
    NOTA,
    FALTAS,
    STATUS
  )
VALUES
  (20201, 35, 41, 10, 18, 'A');

INSERT INTO
  ENSINO_SUPERIOR.MATRICULAS (
    SEMESTRE,
    MAT_ALU,
    COD_DISC,
    NOTA,
    FALTAS,
    STATUS
  )
VALUES
  (20211, 36, 41, 8, 0, 'A');

INSERT INTO
  ENSINO_SUPERIOR.ALUNOS (MAT_ALU, NOME, DAT_ENTRADA, COD_CURSO, COTISTA)
VALUES
  (
    1,
    'Jose Carlos',
    to_date('17/05/1978', 'DD/MM/YYYY'),
    122,
    'S'
  );

INSERT INTO
  ENSINO_SUPERIOR.ALUNOS (MAT_ALU, NOME, DAT_ENTRADA, COD_CURSO, COTISTA)
VALUES
  (
    2,
    'Daniel Silva',
    to_date('17/05/1978', 'DD/MM/YYYY'),
    122,
    'N'
  );

INSERT INTO
  ENSINO_SUPERIOR.ALUNOS (MAT_ALU, NOME, DAT_ENTRADA, COD_CURSO, COTISTA)
VALUES
  (
    3,
    'Pedro Jorge',
    to_date('17/05/1978', 'DD/MM/YYYY'),
    122,
    'N'
  );

INSERT INTO
  ENSINO_SUPERIOR.ALUNOS (MAT_ALU, NOME, DAT_ENTRADA, COD_CURSO, COTISTA)
VALUES
  (
    4,
    'Renato Aragao',
    to_date('17/05/1978', 'DD/MM/YYYY'),
    122,
    'S'
  );

INSERT INTO
  ENSINO_SUPERIOR.ALUNOS (MAT_ALU, NOME, DAT_ENTRADA, COD_CURSO, COTISTA)
VALUES
  (
    5,
    'Livia Silva',
    to_date('17/05/1978', 'DD/MM/YYYY'),
    122,
    'N'
  );

INSERT INTO
  ENSINO_SUPERIOR.ALUNOS (MAT_ALU, NOME, DAT_ENTRADA, COD_CURSO, COTISTA)
VALUES
  (
    6,
    'Matheuus Perreira',
    to_date('17/05/1978', 'DD/MM/YYYY'),
    122,
    'N'
  );

INSERT INTO
  ENSINO_SUPERIOR.ALUNOS (MAT_ALU, NOME, DAT_ENTRADA, COD_CURSO, COTISTA)
VALUES
  (
    7,
    'Jose Carlos',
    to_date('17/05/1978', 'DD/MM/YYYY'),
    546,
    'S'
  );

INSERT INTO
  ENSINO_SUPERIOR.ALUNOS (MAT_ALU, NOME, DAT_ENTRADA, COD_CURSO, COTISTA)
VALUES
  (
    8,
    'Jose Carlos',
    to_date('17/05/1978', 'DD/MM/YYYY'),
    546,
    'S'
  );

INSERT INTO
  ENSINO_SUPERIOR.ALUNOS (MAT_ALU, NOME, DAT_ENTRADA, COD_CURSO, COTISTA)
VALUES
  (
    9,
    'Daniel Silva',
    to_date('17/05/1978', 'DD/MM/YYYY'),
    546,
    'N'
  );

INSERT INTO
  ENSINO_SUPERIOR.ALUNOS (MAT_ALU, NOME, DAT_ENTRADA, COD_CURSO, COTISTA)
VALUES
  (
    10,
    'Pedro Jorge',
    to_date('17/05/1978', 'DD/MM/YYYY'),
    546,
    'N'
  );

INSERT INTO
  ENSINO_SUPERIOR.ALUNOS (MAT_ALU, NOME, DAT_ENTRADA, COD_CURSO, COTISTA)
VALUES
  (
    11,
    'Renato Aragao',
    to_date('17/05/1978', 'DD/MM/YYYY'),
    546,
    'S'
  );

INSERT INTO
  ENSINO_SUPERIOR.ALUNOS (MAT_ALU, NOME, DAT_ENTRADA, COD_CURSO, COTISTA)
VALUES
  (
    12,
    'Livia Silva',
    to_date('17/05/1978', 'DD/MM/YYYY'),
    546,
    'N'
  );

INSERT INTO
  ENSINO_SUPERIOR.ALUNOS (MAT_ALU, NOME, DAT_ENTRADA, COD_CURSO, COTISTA)
VALUES
  (
    13,
    'Matheuus Perreira',
    to_date('17/05/1978', 'DD/MM/YYYY'),
    969,
    'N'
  );

INSERT INTO
  ENSINO_SUPERIOR.ALUNOS (MAT_ALU, NOME, DAT_ENTRADA, COD_CURSO, COTISTA)
VALUES
  (
    14,
    'Jose Carlos',
    to_date('17/05/1978', 'DD/MM/YYYY'),
    969,
    'S'
  );

INSERT INTO
  ENSINO_SUPERIOR.ALUNOS (MAT_ALU, NOME, DAT_ENTRADA, COD_CURSO, COTISTA)
VALUES
  (
    15,
    'Pedro Jorge',
    to_date('17/05/1978', 'DD/MM/YYYY'),
    969,
    'N'
  );

INSERT INTO
  ENSINO_SUPERIOR.ALUNOS (MAT_ALU, NOME, DAT_ENTRADA, COD_CURSO, COTISTA)
VALUES
  (
    16,
    'Renato Aragao',
    to_date('17/05/1978', 'DD/MM/YYYY'),
    969,
    'S'
  );

INSERT INTO
  ENSINO_SUPERIOR.ALUNOS (MAT_ALU, NOME, DAT_ENTRADA, COD_CURSO, COTISTA)
VALUES
  (
    17,
    'Livia Silva',
    to_date('17/05/1978', 'DD/MM/YYYY'),
    969,
    'N'
  );

INSERT INTO
  ENSINO_SUPERIOR.ALUNOS (MAT_ALU, NOME, DAT_ENTRADA, COD_CURSO, COTISTA)
VALUES
  (
    18,
    'Matheuus Perreira',
    to_date('17/05/1978', 'DD/MM/YYYY'),
    969,
    'N'
  );

INSERT INTO
  ENSINO_SUPERIOR.ALUNOS (MAT_ALU, NOME, DAT_ENTRADA, COD_CURSO, COTISTA)
VALUES
  (
    19,
    'Jose Carlos',
    to_date('17/05/1978', 'DD/MM/YYYY'),
    122,
    'S'
  );

INSERT INTO
  ENSINO_SUPERIOR.ALUNOS (MAT_ALU, NOME, DAT_ENTRADA, COD_CURSO, COTISTA)
VALUES
  (
    20,
    'Pedro Jorge',
    to_date('17/05/1978', 'DD/MM/YYYY'),
    122,
    'N'
  );

INSERT INTO
  ENSINO_SUPERIOR.ALUNOS (MAT_ALU, NOME, DAT_ENTRADA, COD_CURSO, COTISTA)
VALUES
  (
    21,
    'Renato Aragao',
    to_date('17/05/1978', 'DD/MM/YYYY'),
    122,
    'S'
  );

INSERT INTO
  ENSINO_SUPERIOR.ALUNOS (MAT_ALU, NOME, DAT_ENTRADA, COD_CURSO, COTISTA)
VALUES
  (
    22,
    'Livia Silva',
    to_date('17/05/1978', 'DD/MM/YYYY'),
    122,
    'N'
  );

INSERT INTO
  ENSINO_SUPERIOR.ALUNOS (MAT_ALU, NOME, DAT_ENTRADA, COD_CURSO, COTISTA)
VALUES
  (
    23,
    'Matheuus Perreira',
    to_date('17/05/1978', 'DD/MM/YYYY'),
    122,
    'N'
  );

INSERT INTO
  ENSINO_SUPERIOR.ALUNOS (MAT_ALU, NOME, DAT_ENTRADA, COD_CURSO, COTISTA)
VALUES
  (
    24,
    'Jose Carlos',
    to_date('17/05/1978', 'DD/MM/YYYY'),
    122,
    'S'
  );

INSERT INTO
  ENSINO_SUPERIOR.ALUNOS (MAT_ALU, NOME, DAT_ENTRADA, COD_CURSO, COTISTA)
VALUES
  (
    25,
    'Pedro Jorge',
    to_date('17/05/1978', 'DD/MM/YYYY'),
    546,
    'N'
  );

INSERT INTO
  ENSINO_SUPERIOR.ALUNOS (MAT_ALU, NOME, DAT_ENTRADA, COD_CURSO, COTISTA)
VALUES
  (
    26,
    'Renato Aragao',
    to_date('17/05/1978', 'DD/MM/YYYY'),
    546,
    'S'
  );

INSERT INTO
  ENSINO_SUPERIOR.ALUNOS (MAT_ALU, NOME, DAT_ENTRADA, COD_CURSO, COTISTA)
VALUES
  (
    27,
    'Livia Silva',
    to_date('17/05/1978', 'DD/MM/YYYY'),
    546,
    'N'
  );

INSERT INTO
  ENSINO_SUPERIOR.ALUNOS (MAT_ALU, NOME, DAT_ENTRADA, COD_CURSO, COTISTA)
VALUES
  (
    28,
    'Matheuus Perreira',
    to_date('17/05/1978', 'DD/MM/YYYY'),
    546,
    'N'
  );

INSERT INTO
  ENSINO_SUPERIOR.ALUNOS (MAT_ALU, NOME, DAT_ENTRADA, COD_CURSO, COTISTA)
VALUES
  (
    29,
    'Jose Carlos',
    to_date('17/05/1978', 'DD/MM/YYYY'),
    546,
    'S'
  );

INSERT INTO
  ENSINO_SUPERIOR.ALUNOS (MAT_ALU, NOME, DAT_ENTRADA, COD_CURSO, COTISTA)
VALUES
  (
    30,
    'Pedro Jorge',
    to_date('17/05/1978', 'DD/MM/YYYY'),
    546,
    'N'
  );

INSERT INTO
  ENSINO_SUPERIOR.ALUNOS (MAT_ALU, NOME, DAT_ENTRADA, COD_CURSO, COTISTA)
VALUES
  (
    31,
    'Renato Aragao',
    to_date('17/05/1978', 'DD/MM/YYYY'),
    969,
    'S'
  );

INSERT INTO
  ENSINO_SUPERIOR.ALUNOS (MAT_ALU, NOME, DAT_ENTRADA, COD_CURSO, COTISTA)
VALUES
  (
    32,
    'Livia Silva',
    to_date('17/05/1978', 'DD/MM/YYYY'),
    969,
    'N'
  );

INSERT INTO
  ENSINO_SUPERIOR.ALUNOS (MAT_ALU, NOME, DAT_ENTRADA, COD_CURSO, COTISTA)
VALUES
  (
    33,
    'Matheuus Perreira',
    to_date('17/05/1978', 'DD/MM/YYYY'),
    969,
    'N'
  );

INSERT INTO
  ENSINO_SUPERIOR.ALUNOS (MAT_ALU, NOME, DAT_ENTRADA, COD_CURSO, COTISTA)
VALUES
  (
    34,
    'Jose Carlos',
    to_date('17/05/1978', 'DD/MM/YYYY'),
    969,
    'S'
  );

INSERT INTO
  ENSINO_SUPERIOR.ALUNOS (MAT_ALU, NOME, DAT_ENTRADA, COD_CURSO, COTISTA)
VALUES
  (
    35,
    'Pedro Jorge',
    to_date('17/05/1978', 'DD/MM/YYYY'),
    969,
    'N'
  );

INSERT INTO
  ENSINO_SUPERIOR.ALUNOS (MAT_ALU, NOME, DAT_ENTRADA, COD_CURSO, COTISTA)
VALUES
  (
    36,
    'Renato Aragao',
    to_date('17/05/1978', 'DD/MM/YYYY'),
    969,
    'S'
  );